category,icon_name,relative_path
01_files_project,new_file,01_files_project/new_file.png
01_files_project,open_project,01_files_project/open_project.png
01_files_project,save_project,01_files_project/save_project.png
01_files_project,save_as_project,01_files_project/save_as_project.png
01_files_project,import_object,01_files_project/import_object.png
01_files_project,export_object,01_files_project/export_object.png
01_files_project,export_selected,01_files_project/export_selected.png
01_files_project,recent_files,01_files_project/recent_files.png
01_files_project,reload_refresh,01_files_project/reload_refresh.png
01_files_project,close_file,01_files_project/close_file.png
01_files_project,folder,01_files_project/folder.png
01_files_project,scene_file,01_files_project/scene_file.png
01_files_project,archive_package,01_files_project/archive_package.png
01_files_project,batch_export,01_files_project/batch_export.png
01_files_project,autosave_backup,01_files_project/autosave_backup.png
01_files_project,project_settings,01_files_project/project_settings.png
02_edit_ui,undo,02_edit_ui/undo.png
02_edit_ui,redo,02_edit_ui/redo.png
02_edit_ui,cut,02_edit_ui/cut.png
02_edit_ui,copy,02_edit_ui/copy.png
02_edit_ui,paste,02_edit_ui/paste.png
02_edit_ui,duplicate,02_edit_ui/duplicate.png
02_edit_ui,delete,02_edit_ui/delete.png
02_edit_ui,rename,02_edit_ui/rename.png
02_edit_ui,search,02_edit_ui/search.png
02_edit_ui,filter,02_edit_ui/filter.png
02_edit_ui,sort,02_edit_ui/sort.png
02_edit_ui,more_options,02_edit_ui/more_options.png
02_edit_ui,expand,02_edit_ui/expand.png
02_edit_ui,collapse,02_edit_ui/collapse.png
02_edit_ui,pin,02_edit_ui/pin.png
02_edit_ui,unpin,02_edit_ui/unpin.png
03_asset_browser,folder,03_asset_browser/folder.png
03_asset_browser,collection,03_asset_browser/collection.png
03_asset_browser,asset,03_asset_browser/asset.png
03_asset_browser,favorite,03_asset_browser/favorite.png
03_asset_browser,tag,03_asset_browser/tag.png
03_asset_browser,search_assets,03_asset_browser/search_assets.png
03_asset_browser,filter_assets,03_asset_browser/filter_assets.png
03_asset_browser,refresh_assets,03_asset_browser/refresh_assets.png
03_asset_browser,grid_view,03_asset_browser/grid_view.png
03_asset_browser,list_view,03_asset_browser/list_view.png
03_asset_browser,thumbnail_preview,03_asset_browser/thumbnail_preview.png
03_asset_browser,locate_in_folder,03_asset_browser/locate_in_folder.png
03_asset_browser,add_to_library,03_asset_browser/add_to_library.png
03_asset_browser,remove_from_library,03_asset_browser/remove_from_library.png
03_asset_browser,replace_asset,03_asset_browser/replace_asset.png
03_asset_browser,export_asset,03_asset_browser/export_asset.png
04_viewport_navigation,orbit_view,04_viewport_navigation/orbit_view.png
04_viewport_navigation,pan_view,04_viewport_navigation/pan_view.png
04_viewport_navigation,zoom_view,04_viewport_navigation/zoom_view.png
04_viewport_navigation,frame_selected,04_viewport_navigation/frame_selected.png
04_viewport_navigation,frame_all,04_viewport_navigation/frame_all.png
04_viewport_navigation,front_view,04_viewport_navigation/front_view.png
04_viewport_navigation,back_view,04_viewport_navigation/back_view.png
04_viewport_navigation,left_view,04_viewport_navigation/left_view.png
04_viewport_navigation,right_view,04_viewport_navigation/right_view.png
04_viewport_navigation,top_view,04_viewport_navigation/top_view.png
04_viewport_navigation,bottom_view,04_viewport_navigation/bottom_view.png
04_viewport_navigation,perspective_view,04_viewport_navigation/perspective_view.png
04_viewport_navigation,orthographic_view,04_viewport_navigation/orthographic_view.png
04_viewport_navigation,camera_view,04_viewport_navigation/camera_view.png
04_viewport_navigation,set_active_camera,04_viewport_navigation/set_active_camera.png
04_viewport_navigation,align_camera_to_view,04_viewport_navigation/align_camera_to_view.png
05_viewport_display,wireframe,05_viewport_display/wireframe.png
05_viewport_display,solid,05_viewport_display/solid.png
05_viewport_display,material_preview,05_viewport_display/material_preview.png
05_viewport_display,textured_checker,05_viewport_display/textured_checker.png
05_viewport_display,bounding_box,05_viewport_display/bounding_box.png
05_viewport_display,xray,05_viewport_display/xray.png
05_viewport_display,backface_culling,05_viewport_display/backface_culling.png
05_viewport_display,grid_overlay,05_viewport_display/grid_overlay.png
05_viewport_display,origin,05_viewport_display/origin.png
05_viewport_display,axis_gizmo,05_viewport_display/axis_gizmo.png
05_viewport_display,normals_overlay,05_viewport_display/normals_overlay.png
05_viewport_display,wire_overlay,05_viewport_display/wire_overlay.png
05_viewport_display,statistics_overlay,05_viewport_display/statistics_overlay.png
05_viewport_display,guides_overlay,05_viewport_display/guides_overlay.png
05_viewport_display,shade_flat,05_viewport_display/shade_flat.png
05_viewport_display,shade_smooth,05_viewport_display/shade_smooth.png
06_selection_snapping_pivot,select_all,06_selection_snapping_pivot/select_all.png
06_selection_snapping_pivot,deselect,06_selection_snapping_pivot/deselect.png
06_selection_snapping_pivot,invert_selection,06_selection_snapping_pivot/invert_selection.png
06_selection_snapping_pivot,select_linked,06_selection_snapping_pivot/select_linked.png
06_selection_snapping_pivot,select_loop,06_selection_snapping_pivot/select_loop.png
06_selection_snapping_pivot,select_ring,06_selection_snapping_pivot/select_ring.png
06_selection_snapping_pivot,grow_selection,06_selection_snapping_pivot/grow_selection.png
06_selection_snapping_pivot,shrink_selection,06_selection_snapping_pivot/shrink_selection.png
06_selection_snapping_pivot,vertex_snap,06_selection_snapping_pivot/vertex_snap.png
06_selection_snapping_pivot,edge_snap,06_selection_snapping_pivot/edge_snap.png
06_selection_snapping_pivot,face_snap,06_selection_snapping_pivot/face_snap.png
06_selection_snapping_pivot,grid_snap,06_selection_snapping_pivot/grid_snap.png
06_selection_snapping_pivot,object_pivot,06_selection_snapping_pivot/object_pivot.png
06_selection_snapping_pivot,selection_center,06_selection_snapping_pivot/selection_center.png
06_selection_snapping_pivot,set_pivot,06_selection_snapping_pivot/set_pivot.png
06_selection_snapping_pivot,reset_pivot,06_selection_snapping_pivot/reset_pivot.png
07_modifiers_primitives_curves,mirror_modifier,07_modifiers_primitives_curves/mirror_modifier.png
07_modifiers_primitives_curves,array_modifier,07_modifiers_primitives_curves/array_modifier.png
07_modifiers_primitives_curves,solidify_modifier,07_modifiers_primitives_curves/solidify_modifier.png
07_modifiers_primitives_curves,lattice_modifier,07_modifiers_primitives_curves/lattice_modifier.png
07_modifiers_primitives_curves,bend_modifier,07_modifiers_primitives_curves/bend_modifier.png
07_modifiers_primitives_curves,twist_modifier,07_modifiers_primitives_curves/twist_modifier.png
07_modifiers_primitives_curves,taper_modifier,07_modifiers_primitives_curves/taper_modifier.png
07_modifiers_primitives_curves,boolean_union,07_modifiers_primitives_curves/boolean_union.png
07_modifiers_primitives_curves,boolean_difference,07_modifiers_primitives_curves/boolean_difference.png
07_modifiers_primitives_curves,boolean_intersection,07_modifiers_primitives_curves/boolean_intersection.png
07_modifiers_primitives_curves,capsule_primitive,07_modifiers_primitives_curves/capsule_primitive.png
07_modifiers_primitives_curves,pyramid_primitive,07_modifiers_primitives_curves/pyramid_primitive.png
07_modifiers_primitives_curves,disc_primitive,07_modifiers_primitives_curves/disc_primitive.png
07_modifiers_primitives_curves,circle_curve,07_modifiers_primitives_curves/circle_curve.png
07_modifiers_primitives_curves,bezier_curve,07_modifiers_primitives_curves/bezier_curve.png
07_modifiers_primitives_curves,polyline_curve,07_modifiers_primitives_curves/polyline_curve.png
08_uv_materials,uv_pin,08_uv_materials/uv_pin.png
08_uv_materials,uv_unpin,08_uv_materials/uv_unpin.png
08_uv_materials,uv_stitch,08_uv_materials/uv_stitch.png
08_uv_materials,uv_weld,08_uv_materials/uv_weld.png
08_uv_materials,uv_relax,08_uv_materials/uv_relax.png
08_uv_materials,uv_straighten,08_uv_materials/uv_straighten.png
08_uv_materials,uv_align,08_uv_materials/uv_align.png
08_uv_materials,uv_rotate,08_uv_materials/uv_rotate.png
08_uv_materials,uv_scale,08_uv_materials/uv_scale.png
08_uv_materials,uv_flip,08_uv_materials/uv_flip.png
08_uv_materials,albedo,08_uv_materials/albedo.png
08_uv_materials,metallic,08_uv_materials/metallic.png
08_uv_materials,ambient_occlusion,08_uv_materials/ambient_occlusion.png
08_uv_materials,height_map,08_uv_materials/height_map.png
08_uv_materials,emission,08_uv_materials/emission.png
08_uv_materials,alpha_opacity,08_uv_materials/alpha_opacity.png
09_object_hierarchy_reference,hide_object,09_object_hierarchy_reference/hide_object.png
09_object_hierarchy_reference,show_object,09_object_hierarchy_reference/show_object.png
09_object_hierarchy_reference,lock_object,09_object_hierarchy_reference/lock_object.png
09_object_hierarchy_reference,unlock_object,09_object_hierarchy_reference/unlock_object.png
09_object_hierarchy_reference,freeze_transform,09_object_hierarchy_reference/freeze_transform.png
09_object_hierarchy_reference,reset_transform,09_object_hierarchy_reference/reset_transform.png
09_object_hierarchy_reference,parent_object,09_object_hierarchy_reference/parent_object.png
09_object_hierarchy_reference,unparent_object,09_object_hierarchy_reference/unparent_object.png
09_object_hierarchy_reference,group_objects,09_object_hierarchy_reference/group_objects.png
09_object_hierarchy_reference,ungroup_objects,09_object_hierarchy_reference/ungroup_objects.png
09_object_hierarchy_reference,move_hierarchy_up,09_object_hierarchy_reference/move_hierarchy_up.png
09_object_hierarchy_reference,move_hierarchy_down,09_object_hierarchy_reference/move_hierarchy_down.png
09_object_hierarchy_reference,add_reference,09_object_hierarchy_reference/add_reference.png
09_object_hierarchy_reference,remove_reference,09_object_hierarchy_reference/remove_reference.png
09_object_hierarchy_reference,lock_reference,09_object_hierarchy_reference/lock_reference.png
09_object_hierarchy_reference,reference_opacity,09_object_hierarchy_reference/reference_opacity.png
10_painting_system_plugins,pixel_brush,10_painting_system_plugins/pixel_brush.png
10_painting_system_plugins,soft_brush,10_painting_system_plugins/soft_brush.png
10_painting_system_plugins,eraser,10_painting_system_plugins/eraser.png
10_painting_system_plugins,smudge,10_painting_system_plugins/smudge.png
10_painting_system_plugins,new_layer,10_painting_system_plugins/new_layer.png
10_painting_system_plugins,delete_layer,10_painting_system_plugins/delete_layer.png
10_painting_system_plugins,duplicate_layer,10_painting_system_plugins/duplicate_layer.png
10_painting_system_plugins,merge_down,10_painting_system_plugins/merge_down.png
10_painting_system_plugins,settings,10_painting_system_plugins/settings.png
10_painting_system_plugins,theme_mode,10_painting_system_plugins/theme_mode.png
10_painting_system_plugins,language,10_painting_system_plugins/language.png
10_painting_system_plugins,accessibility,10_painting_system_plugins/accessibility.png
10_painting_system_plugins,plugin,10_painting_system_plugins/plugin.png
10_painting_system_plugins,lua_script,10_painting_system_plugins/lua_script.png
10_painting_system_plugins,documentation_help,10_painting_system_plugins/documentation_help.png
10_painting_system_plugins,warning,10_painting_system_plugins/warning.png
