petunia_id,function,source,upstream_icon,license,status,local_svg,upstream_url
model.object_mode,Seleção — Object,Iconoir,box-3d-center,MIT,approved,svg/iconoir/box-3d-center.svg,https://github.com/iconoir-icons/iconoir/blob/main/icons/regular/box-3d-center.svg
model.face_mode,Seleção — Face,Iconoir,select-face-3d,MIT,approved,svg/iconoir/select-face-3d.svg,https://github.com/iconoir-icons/iconoir/blob/main/icons/regular/select-face-3d.svg
model.edge_mode,Seleção — Edge,Iconoir,select-edge-3d,MIT,approved,svg/iconoir/select-edge-3d.svg,https://github.com/iconoir-icons/iconoir/blob/main/icons/regular/select-edge-3d.svg
model.point_mode,Seleção — Point/Vertex,Iconoir,select-point-3d,MIT,approved,svg/iconoir/select-point-3d.svg,https://github.com/iconoir-icons/iconoir/blob/main/icons/regular/select-point-3d.svg
model.extrude,Model — Extrude,Iconoir,extrude,MIT,approved,svg/iconoir/extrude.svg,https://github.com/iconoir-icons/iconoir/blob/main/icons/regular/extrude.svg
model.bevel,Model — Bevel/Chamfer,Iconoir,fillet-3d,MIT,approved,svg/iconoir/fillet-3d.svg,https://github.com/iconoir-icons/iconoir/blob/main/icons/regular/fillet-3d.svg
model.cut,Model — Cut,Iconoir,cube-cut-with-curve,MIT,approved,svg/iconoir/cube-cut-with-curve.svg,https://github.com/iconoir-icons/iconoir/blob/main/icons/regular/cube-cut-with-curve.svg
model.bridge,Model — Bridge,Iconoir,bridge-3d,MIT,approved,svg/iconoir/bridge-3d.svg,https://github.com/iconoir-icons/iconoir/blob/main/icons/regular/bridge-3d.svg
model.connect,Model — Connect,Iconoir,bridge-surface,MIT,approved,svg/iconoir/bridge-surface.svg,https://github.com/iconoir-icons/iconoir/blob/main/icons/regular/bridge-surface.svg
viewport.perspective,Viewport — Perspective,Iconoir,perspective-view,MIT,approved,svg/iconoir/perspective-view.svg,https://github.com/iconoir-icons/iconoir/blob/main/icons/regular/perspective-view.svg
viewport.orthographic,Viewport — Orthographic,Iconoir,orthogonal-view,MIT,approved,svg/iconoir/orthogonal-view.svg,https://github.com/iconoir-icons/iconoir/blob/main/icons/regular/orthogonal-view.svg
viewport.xray,Viewport — X-Ray,Iconoir,xray-view,MIT,approved,svg/iconoir/xray-view.svg,https://github.com/iconoir-icons/iconoir/blob/main/icons/regular/xray-view.svg
transform.rotate,Transform — Rotate 3D,Tabler,rotate-3d,MIT,approved_fallback,svg/tabler/rotate-3d.svg,https://github.com/tabler/tabler-icons/blob/main/icons/outline/rotate-3d.svg
viewport.gizmo,Viewport — Gizmo,Tabler,gizmo,MIT,approved_fallback,svg/tabler/gizmo.svg,https://github.com/tabler/tabler-icons/blob/main/icons/outline/gizmo.svg
viewport.grid,Viewport — Grid,Tabler,grid-pattern,MIT,approved_fallback,svg/tabler/grid-pattern.svg,https://github.com/tabler/tabler-icons/blob/main/icons/outline/grid-pattern.svg
uv.pack,UV — Pack,Tabler,layout-grid,MIT,approved_fallback,svg/tabler/layout-grid.svg,https://github.com/tabler/tabler-icons/blob/main/icons/outline/layout-grid.svg
surface.decal,Pós-GA — Decals/Surface Details,Tabler,sticker,MIT,approved_fallback,svg/tabler/sticker.svg,https://github.com/tabler/tabler-icons/blob/main/icons/outline/sticker.svg
derived.bake_flatten,Pós-GA — Bake/Flatten,Tabler,layers-union,MIT,approved_fallback,svg/tabler/layers-union.svg,https://github.com/tabler/tabler-icons/blob/main/icons/outline/layers-union.svg
surface.recipes,Pós-GA — Surface Recipes/Simple Nodes,Tabler,schema,MIT,approved_fallback,svg/tabler/schema.svg,https://github.com/tabler/tabler-icons/blob/main/icons/outline/schema.svg
parts.hierarchy,Pós-GA — Parts Hierarchy,Tabler,hierarchy,MIT,approved_fallback,svg/tabler/hierarchy.svg,https://github.com/tabler/tabler-icons/blob/main/icons/outline/hierarchy.svg
parts.linked_instances,Pós-GA — Linked Instances,Tabler,layers-linked,MIT,approved_fallback,svg/tabler/layers-linked.svg,https://github.com/tabler/tabler-icons/blob/main/icons/outline/layers-linked.svg
animation.skeleton,Futuro — Skeleton/Rig,Lucide,bone,ISC,approved_fallback,svg/lucide/bone.svg,https://github.com/lucide-icons/lucide/blob/main/icons/bone.svg
paint.brush,Paint — Brush / Workspace Paint,Heroicons,paint-brush,MIT,approved_fallback,svg/heroicons/paint-brush.svg,https://github.com/tailwindlabs/heroicons/blob/master/src/24/outline/paint-brush.svg
transform.move,Transform — Move 3D,Hugeicons,3d-move,MIT,candidate_not_bundled,,https://icon-sets.iconify.design/hugeicons/3d-move/
transform.scale,Transform — Scale 3D,Hugeicons,3d-scale,MIT,candidate_not_bundled,,https://icon-sets.iconify.design/hugeicons/3d-scale/
workspace.uv,Workspace — UV,Hugeicons,uv-01,MIT,candidate_not_bundled,,https://icon-sets.iconify.design/hugeicons/uv-01/
uv.unwrap,UV — Unwrap,Hugeicons,uv-02,MIT,candidate_not_bundled,,https://icon-sets.iconify.design/hugeicons/uv-02/
model.polygon,Profile — Polygon,MDI,vector-polygon,Apache-2.0,candidate_not_bundled,,https://icon-sets.iconify.design/mdi/vector-polygon/
uv.checker,UV — Checker,MDI,checkerboard,Apache-2.0,candidate_not_bundled,,https://icon-sets.iconify.design/mdi/checkerboard/
reference.photo_projection,Reference — Photo Projection,MDI,image-filter-center-focus,Apache-2.0,candidate_not_bundled,,https://pictogrammers.com/library/mdi/icon/image-filter-center-focus/
game.collision,Pós-GA — Collision Authoring,Phosphor,bounding-box-thin,MIT,candidate_not_bundled,,https://icon-sets.iconify.design/ph/bounding-box-thin/
modifier.stack,Pós-GA — Modifier Stack,Phosphor,stack,MIT,candidate_not_bundled,,https://icon-sets.iconify.design/ph/stack/
spline.core,Pós-GA — Spline Core,MDI,vector-curve,Apache-2.0,candidate_not_bundled,,https://icon-sets.iconify.design/mdi/vector-curve/
morph.targets,Pós-GA — Simple Morph Targets,Phosphor,shapes,MIT,candidate_not_bundled,,https://icon-sets.iconify.design/ph/shapes/
model.push_pull,Model — Push/Pull,Petunia Domain,custom,project,custom_required,,
model.weld,Model — Weld,Petunia Domain,custom,project,custom_required,,
model.dissolve,Model — Dissolve,Petunia Domain,custom,project,custom_required,,
hair.designer,Pós-GA — Low-Poly Hair Designer,Petunia Domain,custom,project,custom_required,,
