categoria,indice,icone,arquivo,tamanho,formato
01_modelagem_primitivas,1,cubo,01_modelagem_primitivas/01_cubo.png,64x64,PNG RGBA
01_modelagem_primitivas,2,esfera,01_modelagem_primitivas/02_esfera.png,64x64,PNG RGBA
01_modelagem_primitivas,3,cilindro,01_modelagem_primitivas/03_cilindro.png,64x64,PNG RGBA
01_modelagem_primitivas,4,cone,01_modelagem_primitivas/04_cone.png,64x64,PNG RGBA
01_modelagem_primitivas,5,toro,01_modelagem_primitivas/05_toro.png,64x64,PNG RGBA
01_modelagem_primitivas,6,plano,01_modelagem_primitivas/06_plano.png,64x64,PNG RGBA
01_modelagem_primitivas,7,caneta_spline,01_modelagem_primitivas/07_caneta_spline.png,64x64,PNG RGBA
01_modelagem_primitivas,8,extrusao,01_modelagem_primitivas/08_extrusao.png,64x64,PNG RGBA
01_modelagem_primitivas,9,bevel_chanfro,01_modelagem_primitivas/09_bevel_chanfro.png,64x64,PNG RGBA
01_modelagem_primitivas,10,inset,01_modelagem_primitivas/10_inset.png,64x64,PNG RGBA
01_modelagem_primitivas,11,corte_faca,01_modelagem_primitivas/11_corte_faca.png,64x64,PNG RGBA
01_modelagem_primitivas,12,loop_cut,01_modelagem_primitivas/12_loop_cut.png,64x64,PNG RGBA
01_modelagem_primitivas,13,bridge_ponte,01_modelagem_primitivas/13_bridge_ponte.png,64x64,PNG RGBA
01_modelagem_primitivas,14,weld_soldar,01_modelagem_primitivas/14_weld_soldar.png,64x64,PNG RGBA
01_modelagem_primitivas,15,simetria_espelho,01_modelagem_primitivas/15_simetria_espelho.png,64x64,PNG RGBA
01_modelagem_primitivas,16,subdivision_surface,01_modelagem_primitivas/16_subdivision_surface.png,64x64,PNG RGBA
02_selecao_transformacao,1,selecionar_objeto,02_selecao_transformacao/01_selecionar_objeto.png,64x64,PNG RGBA
02_selecao_transformacao,2,selecao_retangular,02_selecao_transformacao/02_selecao_retangular.png,64x64,PNG RGBA
02_selecao_transformacao,3,selecao_laco,02_selecao_transformacao/03_selecao_laco.png,64x64,PNG RGBA
02_selecao_transformacao,4,selecao_pincel,02_selecao_transformacao/04_selecao_pincel.png,64x64,PNG RGBA
02_selecao_transformacao,5,mover,02_selecao_transformacao/05_mover.png,64x64,PNG RGBA
02_selecao_transformacao,6,rotacionar,02_selecao_transformacao/06_rotacionar.png,64x64,PNG RGBA
02_selecao_transformacao,7,escalar,02_selecao_transformacao/07_escalar.png,64x64,PNG RGBA
02_selecao_transformacao,8,transformacao_universal,02_selecao_transformacao/08_transformacao_universal.png,64x64,PNG RGBA
02_selecao_transformacao,9,centro_pivo_eixo,02_selecao_transformacao/09_centro_pivo_eixo.png,64x64,PNG RGBA
02_selecao_transformacao,10,eixo_local,02_selecao_transformacao/10_eixo_local.png,64x64,PNG RGBA
02_selecao_transformacao,11,eixo_global,02_selecao_transformacao/11_eixo_global.png,64x64,PNG RGBA
02_selecao_transformacao,12,snap,02_selecao_transformacao/12_snap.png,64x64,PNG RGBA
02_selecao_transformacao,13,selecao_suave_falloff,02_selecao_transformacao/13_selecao_suave_falloff.png,64x64,PNG RGBA
02_selecao_transformacao,14,ima_magnet,02_selecao_transformacao/14_ima_magnet.png,64x64,PNG RGBA
02_selecao_transformacao,15,ocultar_selecao,02_selecao_transformacao/15_ocultar_selecao.png,64x64,PNG RGBA
02_selecao_transformacao,16,bloquear_selecao,02_selecao_transformacao/16_bloquear_selecao.png,64x64,PNG RGBA
03_topologia_malha,1,modo_objeto,03_topologia_malha/01_modo_objeto.png,64x64,PNG RGBA
03_topologia_malha,2,modo_pontos,03_topologia_malha/02_modo_pontos.png,64x64,PNG RGBA
03_topologia_malha,3,modo_arestas,03_topologia_malha/03_modo_arestas.png,64x64,PNG RGBA
03_topologia_malha,4,modo_poligonos,03_topologia_malha/04_modo_poligonos.png,64x64,PNG RGBA
03_topologia_malha,5,exibir_normais,03_topologia_malha/05_exibir_normais.png,64x64,PNG RGBA
03_topologia_malha,6,inverter_normais,03_topologia_malha/06_inverter_normais.png,64x64,PNG RGBA
03_topologia_malha,7,preencher_poligono,03_topologia_malha/07_preencher_poligono.png,64x64,PNG RGBA
03_topologia_malha,8,fechar_buraco,03_topologia_malha/08_fechar_buraco.png,64x64,PNG RGBA
03_topologia_malha,9,costurar_arestas,03_topologia_malha/09_costurar_arestas.png,64x64,PNG RGBA
03_topologia_malha,10,dissolver,03_topologia_malha/10_dissolver.png,64x64,PNG RGBA
03_topologia_malha,11,otimizar_malha,03_topologia_malha/11_otimizar_malha.png,64x64,PNG RGBA
03_topologia_malha,12,triangular,03_topologia_malha/12_triangular.png,64x64,PNG RGBA
03_topologia_malha,13,quadrangular,03_topologia_malha/13_quadrangular.png,64x64,PNG RGBA
03_topologia_malha,14,alinhar_pontos,03_topologia_malha/14_alinhar_pontos.png,64x64,PNG RGBA
03_topologia_malha,15,medir_regua,03_topologia_malha/15_medir_regua.png,64x64,PNG RGBA
03_topologia_malha,16,isolar_elemento_malha,03_topologia_malha/16_isolar_elemento_malha.png,64x64,PNG RGBA
04_materiais_uv_pintura,1,material,04_materiais_uv_pintura/01_material.png,64x64,PNG RGBA
04_materiais_uv_pintura,2,shader,04_materiais_uv_pintura/02_shader.png,64x64,PNG RGBA
04_materiais_uv_pintura,3,imagem_textura,04_materiais_uv_pintura/03_imagem_textura.png,64x64,PNG RGBA
04_materiais_uv_pintura,4,uv_unwrap,04_materiais_uv_pintura/04_uv_unwrap.png,64x64,PNG RGBA
04_materiais_uv_pintura,5,costuras_uv,04_materiais_uv_pintura/05_costuras_uv.png,64x64,PNG RGBA
04_materiais_uv_pintura,6,empacotar_ilhas_uv,04_materiais_uv_pintura/06_empacotar_ilhas_uv.png,64x64,PNG RGBA
04_materiais_uv_pintura,7,mover_uv,04_materiais_uv_pintura/07_mover_uv.png,64x64,PNG RGBA
04_materiais_uv_pintura,8,pincel_pintura,04_materiais_uv_pintura/08_pincel_pintura.png,64x64,PNG RGBA
04_materiais_uv_pintura,9,preencher_pintura,04_materiais_uv_pintura/09_preencher_pintura.png,64x64,PNG RGBA
04_materiais_uv_pintura,10,conta_gotas,04_materiais_uv_pintura/10_conta_gotas.png,64x64,PNG RGBA
04_materiais_uv_pintura,11,normal_map,04_materiais_uv_pintura/11_normal_map.png,64x64,PNG RGBA
04_materiais_uv_pintura,12,roughness_rugosidade,04_materiais_uv_pintura/12_roughness_rugosidade.png,64x64,PNG RGBA
04_materiais_uv_pintura,13,displacement_altura,04_materiais_uv_pintura/13_displacement_altura.png,64x64,PNG RGBA
04_materiais_uv_pintura,14,camadas,04_materiais_uv_pintura/14_camadas.png,64x64,PNG RGBA
04_materiais_uv_pintura,15,mascara,04_materiais_uv_pintura/15_mascara.png,64x64,PNG RGBA
04_materiais_uv_pintura,16,ruido_procedural,04_materiais_uv_pintura/16_ruido_procedural.png,64x64,PNG RGBA
05_camera_viewport_luz_render,1,vista_perspectiva,05_camera_viewport_luz_render/01_vista_perspectiva.png,64x64,PNG RGBA
05_camera_viewport_luz_render,2,vista_ortografica,05_camera_viewport_luz_render/02_vista_ortografica.png,64x64,PNG RGBA
05_camera_viewport_luz_render,3,layout_quatro_vistas,05_camera_viewport_luz_render/03_layout_quatro_vistas.png,64x64,PNG RGBA
05_camera_viewport_luz_render,4,camera,05_camera_viewport_luz_render/04_camera.png,64x64,PNG RGBA
05_camera_viewport_luz_render,5,camera_alvo,05_camera_viewport_luz_render/05_camera_alvo.png,64x64,PNG RGBA
05_camera_viewport_luz_render,6,luz_spot,05_camera_viewport_luz_render/06_luz_spot.png,64x64,PNG RGBA
05_camera_viewport_luz_render,7,luz_sol,05_camera_viewport_luz_render/07_luz_sol.png,64x64,PNG RGBA
05_camera_viewport_luz_render,8,luz_area,05_camera_viewport_luz_render/08_luz_area.png,64x64,PNG RGBA
05_camera_viewport_luz_render,9,render,05_camera_viewport_luz_render/09_render.png,64x64,PNG RGBA
05_camera_viewport_luz_render,10,preview_render_interativo,05_camera_viewport_luz_render/10_preview_render_interativo.png,64x64,PNG RGBA
05_camera_viewport_luz_render,11,hierarquia_cena,05_camera_viewport_luz_render/11_hierarquia_cena.png,64x64,PNG RGBA
05_camera_viewport_luz_render,12,camadas_cena,05_camera_viewport_luz_render/12_camadas_cena.png,64x64,PNG RGBA
05_camera_viewport_luz_render,13,visibilidade,05_camera_viewport_luz_render/13_visibilidade.png,64x64,PNG RGBA
05_camera_viewport_luz_render,14,solo_isolar,05_camera_viewport_luz_render/14_solo_isolar.png,64x64,PNG RGBA
05_camera_viewport_luz_render,15,grade_mundo,05_camera_viewport_luz_render/15_grade_mundo.png,64x64,PNG RGBA
05_camera_viewport_luz_render,16,gizmo_eixos,05_camera_viewport_luz_render/16_gizmo_eixos.png,64x64,PNG RGBA
06_animacao_rig_simulacao,1,timeline,06_animacao_rig_simulacao/01_timeline.png,64x64,PNG RGBA
06_animacao_rig_simulacao,2,keyframe,06_animacao_rig_simulacao/02_keyframe.png,64x64,PNG RGBA
06_animacao_rig_simulacao,3,dopesheet_tracks,06_animacao_rig_simulacao/03_dopesheet_tracks.png,64x64,PNG RGBA
06_animacao_rig_simulacao,4,editor_curvas,06_animacao_rig_simulacao/04_editor_curvas.png,64x64,PNG RGBA
06_animacao_rig_simulacao,5,reproduzir_animacao,06_animacao_rig_simulacao/05_reproduzir_animacao.png,64x64,PNG RGBA
06_animacao_rig_simulacao,6,osso_junta,06_animacao_rig_simulacao/06_osso_junta.png,64x64,PNG RGBA
06_animacao_rig_simulacao,7,cadeia_ik,06_animacao_rig_simulacao/07_cadeia_ik.png,64x64,PNG RGBA
06_animacao_rig_simulacao,8,skin_bind,06_animacao_rig_simulacao/08_skin_bind.png,64x64,PNG RGBA
06_animacao_rig_simulacao,9,weight_paint,06_animacao_rig_simulacao/09_weight_paint.png,64x64,PNG RGBA
06_animacao_rig_simulacao,10,controlador_null,06_animacao_rig_simulacao/10_controlador_null.png,64x64,PNG RGBA
06_animacao_rig_simulacao,11,constraint_restricao,06_animacao_rig_simulacao/11_constraint_restricao.png,64x64,PNG RGBA
06_animacao_rig_simulacao,12,cloth_tecido,06_animacao_rig_simulacao/12_cloth_tecido.png,64x64,PNG RGBA
06_animacao_rig_simulacao,13,rigid_body,06_animacao_rig_simulacao/13_rigid_body.png,64x64,PNG RGBA
06_animacao_rig_simulacao,14,emissor_particulas,06_animacao_rig_simulacao/14_emissor_particulas.png,64x64,PNG RGBA
06_animacao_rig_simulacao,15,bake_cache,06_animacao_rig_simulacao/15_bake_cache.png,64x64,PNG RGBA
06_animacao_rig_simulacao,16,morph_target,06_animacao_rig_simulacao/16_morph_target.png,64x64,PNG RGBA
